{"blocklists":{"relatedContent":{"listItems":[{"itemText":"Related supplier content"},{"itemText":"More supplier content"},{"itemText":"Better supplier content"},{"itemText":"Best supplier content"},{"itemText":"No this is the best related content"},{"itemText":"Pharmacy Network"}]},"blogCategoryWidget":{"listItems":[{"itemText":"Expert views (22)"},{"itemText":"White papers (40)"},{"itemText":"Research (25)"},{"itemText":"Another category (7)"}]}},"blogEntries":{"ID-1":{"postURL":"content-page-right-image.html","postDate":"2015-10-20","postAuthor":"","postTitle":"Content page with right aligned featured image","postFeaturedImageUrl":"images/sample/Blog_Patient_Doctor.png","postExcerpt":"Lorem ipsum dolor sit amet, consectetur adipiscing elit. Duis vitae faucibus lacus. Fusce venenatis urna sit amet neque ornare, eu congue massa ultricies. Fusce tempus risus leo, faucibus eleifend magna posuere in. Ut feugiat nec leo eu molestie. Pellentesque gravida laoreet vestibulum. Donec vel lectus sollicitudin, tempor augue auctor, vulputate magna.","postCategories":[{"categoryName":"White papers"}],"postCommentCount":"11"},"ID-2":{"postURL":"content-page-no-image.html","postDate":"2015-10-20","postAuthor":"","postTitle":"Content page with no featured image","postFeaturedImageUrl":"","postExcerpt":"Lorem ipsum dolor sit amet, consectetur adipiscing elit. Duis vitae faucibus lacus. Fusce venenatis urna sit amet neque ornare, eu congue massa ultricies. Fusce tempus risus leo, faucibus eleifend magna posuere in. Ut feugiat nec leo eu molestie. Pellentesque gravida laoreet vestibulum. Donec vel lectus sollicitudin, tempor augue auctor, vulputate magna.","postCategories":[{"categoryName":"White papers"}],"postCommentCount":"11"},"ID-3":{"postURL":"content-page-right-image.html","postDate":"2015-10-20","postAuthor":"","postTitle":"Content page with right aligned featured image","postFeaturedImageUrl":"images/sample/Blog_Patient_Doctor_02.png","postExcerpt":"Lorem ipsum dolor sit amet, consectetur adipiscing elit. Duis vitae faucibus lacus. Fusce venenatis urna sit amet neque ornare, eu congue massa ultricies. Fusce tempus risus leo, faucibus eleifend magna posuere in. Ut feugiat nec leo eu molestie. Pellentesque gravida laoreet vestibulum. Donec vel lectus sollicitudin, tempor augue auctor, vulputate magna.","postCategories":[{"categoryName":"White papers"}],"postCommentCount":"11"}},"breadcrumbs":{"home":{"url":"/","text":"Home","isActive":false},"whatWeDo":[{"url":"#","text":"What we do","isActive":true}],"whoWeAre":[{"url":"#","text":"Who we are","isActive":true}],"becomeAMember":[{"url":"#","text":"Become a member","isActive":true}],"ourNetworks":[{"url":"#","text":"Our networks","isActive":true}],"becomeASupplier":[{"url":"#","text":"Suppliers","isActive":true}],"newsAndEvents":[{"url":"#","text":"News and Events","isActive":true}],"eventsCalendar":[{"url":"#","text":"News and Events","isActive":false},{"url":"#","text":"Events Calendar","isActive":true}],"blog":[{"url":"#","text":"Blog","isActive":true}],"contactus":[{"url":"#","text":"Contact us","isActive":true}],"blogcontent":[{"url":"#","text":"Blog Content page","isActive":true}],"existingMembers":[{"url":"#","text":"Existing members","isActive":true}],"whatsChangedForYou":[{"url":"#","text":"What’s changed for you?","isActive":true}],"bidCalendar":[{"url":"#","text":"Suppliers","isActive":false},{"url":"#","text":"2015 Bid / Proposal Calendar","isActive":true}],"whatWeDoExpertise":[{"url":"#","text":"What we do","isActive":false},{"url":"#","text":"Expertise name","isActive":true}],"moduleList":[{"url":"#","text":"Module list","isActive":true}],"supplyChain":[{"url":"#","text":"Supply Chain programs","isActive":true}]},"contentHeros":{"leadershipBio":{"heroClasses":"bg-purple","heroImageURL":"images/maze-white.png","heroTitle":"Vizient leadership","heroSubtitle":"Meet the Vizient leaders collaborating with members to deliver exceptional care."}},"heros":{"home":{"heroClasses":"bg-hero scampi","heroImageURL":"images/heros/hub-banner-homepage.jpg","heroTitle":"Advancing health care for the greater good","heroSubtitle":"The best of three companies and their members are now united around infinite opportunity.","ctas":[{"ctaText":"See our story","ctaClass":"btn-primary"}]},"whatWeDo":{"heroClasses":"bg-hero scampi","heroImageURL":"images/heros/Hub_Banner_WhatWeDo.jpg","heroTitle":"What we do","heroSubtitle":"We connect members with the knowledge, solutions and expertise to amplify their performance and deliver better care.","ctas":[{"ctaText":"Become a member","ctaClass":"btn-primary"},{"ctaText":"I'm already a member","ctaClass":"btn-white"}]},"whoWeAre":{"heroClasses":"bg-hero persiangreen","heroImageURL":"images/heros/Hub_Banner_WhoWeAre.jpg","heroTitle":"Who we are","heroSubtitle":"We have a vision for a world where efficiency and empathy work hand-in-hand","ctas":[{"ctaText":"Make an application","ctaClass":"btn-primary"},{"ctaText":"Already a member","ctaClass":"btn-white"}]},"becomeAMember":{"heroClasses":"bg-hero persiangreen","heroImageURL":"images/heros/Hub_Banner_BecomeAMember.png","heroTitle":"Member-owned, member-minded","heroSubtitle":"Engage with leading not-for-profit health care organizations across the nation.","ctas":[{"ctaText":"Become a member","ctaClass":"btn-primary"},{"ctaText":"I’m already a member","ctaClass":"btn-white"}]},"ourNetworks":{"heroClasses":"white","heroImageURL":"images/heros/Hub_Banner_OurNetworks.png","heroTitle":"Our Networks","heroSubtitle":"We help members proactively tackle health care’s toughest challenges better and faster through collaboration.","ctas":[{"ctaText":"Join a network","ctaClass":"btn-primary"},{"ctaText":"Access my networks","ctaClass":"btn-default"}]},"becomeASupplier":{"heroClasses":"","heroImageURL":"images/heros/Hub_Banner_BecomeASupplier.jpg","heroTitle":"Suppliers","heroSubtitle":"Deliver critical tools and technology for exceptional, cost-effective care. ","ctas":[{"ctaText":"Become a supplier","ctaClass":"btn-primary"},{"ctaText":"Legacy supplier log-in","ctaClass":"btn-default"}]},"supplyChain":{"heroClasses":"hero-mini","heroImageURL":"images/icons/icon-collaboration-v2.png","heroTitle":"Supply chain programs","heroSubtitle":"Innovative programs designed to deliver value to member","ctas":[{"ctaText":"","ctaClass":""},{"ctaText":"","ctaClass":""}]},"moduleList":{"heroClasses":"hero-mini","heroImageURL":"images/icons/icon-collaboration-v2.png","heroTitle":"Module list","heroSubtitle":"New modules designed to deliver value to member","ctas":[{"ctaText":"","ctaClass":""},{"ctaText":"","ctaClass":""}]}},"global":{"title":"VHA"},"header":{"menu1":[{"title":"Blog","url":"blog.html","classes":""},{"title":"News and Events","url":"news-and-events.html","classes":""},{"title":"Contact us","url":"contact-us.html","classes":""}],"menu2":[{"title":"Home","url":"/","classes":"menu-item-home","iconClasses":"icon-home"},{"title":"What we do","url":"what-we-do.html","classes":"","subnav":[{"title":"Operational","url":"what-we-do.html/operational","classes":""},{"title":"Supply","url":"what-we-do.html/supply","classes":""},{"title":"Clinical","url":"what-we-do.html/clinical","classes":""},{"title":"Consultancy","url":"what-we-do.html/consultancy","classes":""},{"title":"Tiered Membership Benefits","url":"what-we-do.html/tiered-membership-benefits","classes":""}]},{"title":"Who we are","url":"who-we-are.html","classes":"","subnav":[{"title":"Operational","url":"who-we-are/operational","classes":""},{"title":"Supply","url":"who-we-are/supply","classes":""},{"title":"Clinical","url":"who-we-are/clinical","classes":""},{"title":"Consultancy","url":"who-we-are/consultancy","classes":""},{"title":"Tiered Membership Benefits","url":"who-we-are/tiered-membership-benefits","classes":""}]},{"title":"Become a member","url":"become-a-member.html","classes":"","subnav":[{"title":"Operational","url":"become-a-member/operational","classes":""},{"title":"Supply","url":"become-a-member/supply","classes":""},{"title":"Clinical","url":"become-a-member/clinical","classes":""},{"title":"Consultancy","url":"become-a-member/consultancy","classes":""},{"title":"Tiered Membership Benefits","url":"become-a-member/tiered-membership-benefits","classes":""}]},{"title":"Our networks","url":"our-networks.html","classes":""},{"title":"Suppliers","url":"become-a-supplier.html","classes":"","subnav":[{"title":"Operational","url":"become-a-supplier/operational","classes":""},{"title":"Supply","url":"become-a-supplier/supply","classes":""},{"title":"Clinical","url":"become-a-supplier/clinical.html","classes":""},{"title":"Consultancy","url":"become-a-supplier/consultancy","classes":""},{"title":"Tiered Membership Benefits","url":"become-a-supplier/tiered-membership-benefits","classes":""}]},{"title":"Member login","url":"existing-members.html","classes":"btn btn-primary menu-item-login"}]},"footer":{"menu1":[{"title":"Contact Us","url":"contact-us.html","classes":""},{"title":"Careers","url":"careers.html","classes":""},{"title":"Legal","url":"legal.html","classes":""}],"menu2":[{"title":"Privacy","url":"privacy.html","classes":""},{"title":"Terms of use","url":"terms-of-use.html","classes":""},{"title":"Sitemap","url":"sitemap.html","classes":""}]},"desktopMegaNav":[{"id":"1","title":"What we do","url":"what-we-do.html","summary":"Lorem ipsum dolor sit amet, consectetur adipiscing elit. Duis eget ultrices felis.","subnav1":[{"title":"Operational","summary":"Lorem ipsum dolor sit amet, consectetur adipiscing elit. Duis eget ultrices felis.","url":"what-we-do/operational"},{"title":"Supply","summary":"Lorem ipsum dolor sit amet, consectetur adipiscing elit. Duis eget ultrices felis.","url":"what-we-do/supply"},{"title":"Clinical","summary":"Lorem ipsum dolor sit amet, consectetur adipiscing elit. Duis eget ultrices felis.","url":"what-we-do/clinical"}],"subnav2":[{"title":"Consultancy","summary":"Lorem ipsum dolor sit amet, consectetur adipiscing elit. Duis eget ultrices felis.","url":"what-we-do/consultancy"},{"title":"Tiered Membership Benefits","summary":"Lorem ipsum dolor sit amet, consectetur adipiscing elit. Duis eget ultrices felis.","url":"what-we-do/tiered-membership-benefits"}]},{"id":"2","title":"Who we are","url":"who-we-are.html","summary":"Lorem ipsum dolor sit amet, consectetur adipiscing elit. Duis eget ultrices felis.","subnav1":[{"title":"Operational","summary":"Lorem ipsum dolor sit amet, consectetur adipiscing elit. Duis eget ultrices felis.","url":"who-we-are/operational"},{"title":"Supply","summary":"Lorem ipsum dolor sit amet, consectetur adipiscing elit. Duis eget ultrices felis.","url":"who-we-are/supply"},{"title":"Clinical","summary":"Lorem ipsum dolor sit amet, consectetur adipiscing elit. Duis eget ultrices felis.","url":"who-we-are/clinical"}],"subnav2":[{"title":"Consultancy","summary":"Lorem ipsum dolor sit amet, consectetur adipiscing elit. Duis eget ultrices felis.","url":"who-we-are/consultancy"},{"title":"Tiered Membership Benefits","summary":"Lorem ipsum dolor sit amet, consectetur adipiscing elit. Duis eget ultrices felis.","url":"who-we-are/tiered-membership-benefits"}]},{"id":"3","title":"Become a member","url":"become-a-member.html","summary":"Lorem ipsum dolor sit amet, consectetur adipiscing elit. Duis eget ultrices felis.","subnav1":[{"title":"Operational","summary":"Lorem ipsum dolor sit amet, consectetur adipiscing elit. Duis eget ultrices felis.","url":"become-a-member/o"},{"title":"Supply","summary":"Lorem ipsum dolor sit amet, consectetur adipiscing elit. Duis eget ultrices felis.","url":"become-a-member/supply"},{"title":"Clinical","summary":"Lorem ipsum dolor sit amet, consectetur adipiscing elit. Duis eget ultrices felis.","url":"become-a-member/clinical"}],"subnav2":[{"title":"Consultancy","summary":"Lorem ipsum dolor sit amet, consectetur adipiscing elit. Duis eget ultrices felis.","url":"become-a-member/consultancy"},{"title":"Tiered Membership Benefits","summary":"Lorem ipsum dolor sit amet, consectetur adipiscing elit. Duis eget ultrices felis.","url":"become-a-member/tiered-membership-benefits"}]},{"id":"5","title":"Suppliers","url":"become-a-supplier.html","summary":"Lorem ipsum dolor sit amet, consectetur adipiscing elit. Duis eget ultrices felis.","subnav1":[{"title":"Operational","summary":"Lorem ipsum dolor sit amet, consectetur adipiscing elit. Duis eget ultrices felis.","url":"become-a-supplier/o"},{"title":"Supply","summary":"Lorem ipsum dolor sit amet, consectetur adipiscing elit. Duis eget ultrices felis.","url":"become-a-supplier/supply"},{"title":"Clinical","summary":"Lorem ipsum dolor sit amet, consectetur adipiscing elit. Duis eget ultrices felis.","url":"become-a-supplier/clinical"}],"subnav2":[{"title":"Consultancy","summary":"Lorem ipsum dolor sit amet, consectetur adipiscing elit. Duis eget ultrices felis.","url":"become-a-supplier/consultancy"},{"title":"Tiered Membership Benefits","summary":"Lorem ipsum dolor sit amet, consectetur adipiscing elit. Duis eget ultrices felis.","url":"become-a-supplier/tiered-membership-benefits"}]}],"leadershipBios":[{"bioAvatarURL":"images/sample/bio-head@3x.png","bioName":"Curt Nonomaque","bioTitle":"President & Chief Executive"},{"bioAvatarURL":"images/sample/bio-head@3x.png","bioName":"Pete Allen","bioTitle":"Executive Vice President, Sales and Marketing"},{"bioAvatarURL":"images/sample/bio-head@3x.png","bioName":"Barbara Anason","bioTitle":"Senior Vice President of AMC Networks and Strategy"},{"bioAvatarURL":"images/sample/bio-head@3x.png","bioName":"David Berry","bioTitle":"Senior Vice President and General Counsel"},{"bioAvatarURL":"images/sample/bio-head@3x.png","bioName":"Scott Downing","bioTitle":"Executive Vice President, and Chief Sales and Marketing Officer"},{"bioAvatarURL":"images/sample/bio-head@3x.png","bioName":"Christopher Dunleavy","bioTitle":"Area Senior Vice President and Chief Financial Officer"},{"bioAvatarURL":"images/sample/bio-head@3x.png","bioName":"Jody Hatcher","bioTitle":"President, Offering Delivery and Operations"},{"bioAvatarURL":"images/sample/bio-head@3x.png","bioName":"Byron Jobe","bioTitle":"President of Strategic Growth, Marketing and Innovation"},{"bioAvatarURL":"images/sample/bio-head@3x.png","bioName":"Colleen Risk","bioTitle":"Executive Vice President of Research, Public Affairs and Human Resources"}],"medialists":{"bidCalendar":{"mediaListClasses":"event-list","mediaBlocks":[{"imgURL":"images/bid-event.png","mediaTitle":"Week commencing 12th October","mediaExcerpt":"Lorem ipsum dolor sit amet, consectetur adipiscing elit.","linkText":"","linkUrl":"#"},{"imgURL":"images/bid-event.png","mediaTitle":"Week commencing 12th October","mediaExcerpt":"Lorem ipsum dolor sit amet, consectetur adipiscing elit.","linkText":"","linkUrl":"#"}]},"appealProcess":{"mediaBlocks":[{"imgURL":"images/icons/icon-phone.png","mediaTitle":"Call our hotline","mediaDate":"","mediaExcerpt":"","linkText":"(877) 220-1615","linkUrl":"tel:(877) 220-1615"},{"imgURL":"images/icons/icon-email.png","mediaTitle":"Submit a grievance online","mediaDate":"","mediaExcerpt":"","linkText":"EthicsPoint","linkUrl":"#"}]},"nextSteps":{"mediaBlocks":[{"imgURL":"images/icons/icon-phone.png","mediaTitle":"Talk to us","mediaDate":"","mediaExcerpt":"","linkText":"(800) 327-811","linkUrl":"tel:(800) 327-811"},{"imgURL":"images/icons/icon-email.png","mediaTitle":"Email us your question","mediaDate":"","mediaExcerpt":"","linkText":"technicalsupport@Vizient.com","linkUrl":"mailto:technicalsupport@Vizient.com"}]},"contactVizient":{"mediaBlocks":[{"imgURL":"images/icons/icon-phone.png","mediaTitle":"Call our switchboard","mediaDate":"","mediaExcerpt":"","linkText":"800.842.5146","linkUrl":"tel:800 842 5146"},{"imgURL":"images/icons/icon-email.png","mediaTitle":"Contact us online","mediaDate":"","mediaExcerpt":"","linkText":"customerservices@vha.com","linkUrl":"mailto:customerservices@vha.com"}]}},"moduleNavs":{"setA":{"navListItems":[{"listItemText":"Our new portfolio","listItemTarget":"#our-new-portfolio"},{"listItemText":"Insights","listItemTarget":"#insights"},{"listItemText":"Efficiency","listItemTarget":"#efficiency"},{"listItemText":"Patient Impact","listItemTarget":"#patient-impact"},{"listItemText":"Collaboration","listItemTarget":"#collaboration"}]},"setB":{"navListItems":[{"listItemText":"The mission","listItemTarget":"#the-mission"},{"listItemText":"Our leadership","listItemTarget":"#our-leadership"},{"listItemText":"Our approach","listItemTarget":"#our-approach"},{"listItemText":"Our history","listItemTarget":"#our-history"},{"listItemText":"A brighter future","listItemTarget":"#help-us-create-a-brighter-future"}]}},"pullQuotes":{"normal":{"classes":"","text":"Lorem ipsum dolor sit amet, contetur adipiscing elit. Lorem ipsum.","imgURL":"images/sample/bio-head-two@3x.png","name":"Curt Nonomaque","title":"President & chief Executive","linkText":"See spotlight profile"},"styled":{"classes":"pull-quote--styled","text":"We have a vision for the future where efficiency and empathy go hand-in-hand.","imgURL":"images/sample/bio-head-two@3x.png","name":"Chris Hatwig","title":"President at Apexus","linkText":"See spotlight profile"}},"relatedlinks":{"whatWeDo":{"relatedLinksBlocks":[{"linkTitle":"Our Networks","linkUrl":"our-networks.html","linkExcerpt":"See how our members learn, improve and build together"},{"linkTitle":"Member Spotlight","linkUrl":"#","linkExcerpt":"Hear what our members are doing at the forefront of health care"},{"linkTitle":"Blog","linkUrl":"blog.html","linkExcerpt":"Read the latest insights from our experts"},{"linkTitle":"News & Events","linkUrl":"#","linkExcerpt":"Keep up to date on our latest news"}]},"whoWeAre":{"relatedLinksBlocks":[{"linkTitle":"News & Events","linkUrl":"#","linkExcerpt":"See what’s happening at Vizient. Explore this area to find the latest news, recent and archived press releases, and hot topics facing the health care industry."},{"linkTitle":"Become a Supplier","linkUrl":"become-a-supplier.html","linkExcerpt":"Our vision is to offer a unique supplier experience through increased supply chain efficiency, visibility and credibility. Our suppliers play a valuable role in helping our members meet the unique needs of their patients and communities. Find out how your organization can become a supplier."},{"linkTitle":"Become a Member","linkUrl":"become-a-member.html","linkExcerpt":"Our dedication to member success is why we’re here. We equip members through a variety of affiliation options that can help organizations drive down costs and deliver better care. Become a member for access to more leading practices, an expanded network and better knowledge sharing."},{"linkTitle":"Careers at Vizient","linkUrl":"#","linkExcerpt":"Join our committed health care team and be part of the next chapter in the Vizient success story."}]},"becomeAMember":{"relatedLinksBlocks":[{"linkTitle":"Member Spotlight","linkUrl":"#","linkExcerpt":"Discover how our members are driving new business models and groundbreaking approaches"},{"linkTitle":"Awards and Rankings","linkUrl":"#","linkExcerpt":"Learn about our members’ bold initiatives to advance care for their patients and communities"},{"linkTitle":"Blog","linkUrl":"blog.html","linkExcerpt":"Read the latest insights from our experts"},{"linkTitle":"Our Networks","linkUrl":"our-networks.html","linkExcerpt":"Learn how our members learn, improve and build together"}]},"ourNetworks":{"relatedLinksBlocks":[{"linkTitle":"Member Spotlight","linkUrl":"#","linkExcerpt":"Hear what our members are doing at the forefront of health care"},{"linkTitle":"Become a Member","linkUrl":"become-a-member.html","linkExcerpt":"Join the largest membership of health care institutions enabling a better quality of life"},{"linkTitle":"Blog","linkUrl":"blog.html","linkExcerpt":"Read the latest insights from our experts"},{"linkTitle":"Become a Supplier","linkUrl":"become-a-supplier.html","linkExcerpt":"Grow your business by helping our members meet their patients' needs"}]},"becomeASupplier":{"relatedLinksBlocks":[{"linkTitle":"Careers at Vizient","linkUrl":"#","linkExcerpt":"Join our committed health care team and be part of the next chapter in the Vizient success story."},{"linkTitle":"Become a Member","linkUrl":"become-a-member.html","linkExcerpt":"Join the largest membership of health care institutions enabling a better quality of life"},{"linkTitle":"News & Events","linkUrl":"#","linkExcerpt":"Keep up to date on our latest news"},{"linkTitle":"Become a Supplier","linkUrl":"become-a-supplier.html","linkExcerpt":"Grow your business by helping our members meet their patients' needs"}]}},"sectionNavs":{"whatWeDo":{"navListItems":[{"listItemText":"Our new portfolio","listItemTarget":"#our-new-portfolio"},{"listItemText":"Insights","listItemTarget":"#insights"},{"listItemText":"Efficiency","listItemTarget":"#efficiency"},{"listItemText":"Patient Impact","listItemTarget":"#patient-impact"},{"listItemText":"Collaboration","listItemTarget":"#collaboration"}]},"whoWeAre":{"navListItems":[{"listItemText":"The mission","listItemTarget":"#the-mission"},{"listItemText":"Our leadership","listItemTarget":"#our-leadership"},{"listItemText":"Our approach","listItemTarget":"#our-approach"},{"listItemText":"Our history","listItemTarget":"#our-history"},{"listItemText":"A brighter future","listItemTarget":"#help-us-create-a-brighter-future"}]},"becomeAMember":{"navListItems":[{"listItemText":"About membership","listItemTarget":"#about-membership"},{"listItemText":"Benefits of membership","listItemTarget":"#benefits-of-membership"},{"listItemText":"Membership tiers","listItemTarget":"#membership-tiers"},{"listItemText":"Connect with us","listItemTarget":"#is-membership-right-for-my-organisation"}]},"ourNetworks":{"navListItems":[{"listItemText":"Learn together","listItemTarget":"#learn-together"},{"listItemText":"Improve together","listItemTarget":"#improve-together"},{"listItemText":"Build together","listItemTarget":"#build-together"},{"listItemText":"Councils","listItemTarget":"#councils"}]},"becomeASupplier":{"navListItems":[{"listItemText":"Become a supplier","listItemTarget":"#become-a-supplier"},{"listItemText":"Supplier benefits","listItemTarget":"#supplier-benefits"},{"listItemText":"Bid system","listItemTarget":"#bid-system"},{"listItemText":"Supplier grievances","listItemTarget":"#supplier-grievances"}]},"supplyChainPrograms":{"navListItems":[{"listItemText":"Group buys","listItemTarget":"#group-buys"},{"listItemText":"Committed programs","listItemTarget":"#committed-programs"},{"listItemText":"NOVAKIDS","listItemTarget":"#novakids"},{"listItemText":"Supplier diversity","listItemTarget":"#supplier-diversity"},{"listItemText":"Innovative technology","listItemTarget":"#innovative"}]}},"socialMediaLinks":[{"linkURL":"#","linkIconClass":"icon-linkedin"},{"linkURL":"#","linkIconClass":"icon-facebook"},{"linkURL":"#","linkIconClass":"icon-twitter"},{"linkURL":"#","linkIconClass":"icon-pinterest"},{"linkURL":"#","linkIconClass":"icon-youtube"}]}