<?xml version="1.0" encoding="utf-8" ?><rss version="2.0" xml:base="http://vha.newshq.businesswire.com/feeds/news_item/46030/rss.xml" xmlns:media="http://search.yahoo.com/mrss/" xmlns:dc="http://purl.org/dc/elements/1.1/">
  <channel>
    <title>Our Companies</title>
    <link>http://vha.newshq.businesswire.com/feeds/news_item/46030/rss.xml</link>
    <description></description>
    <language>en</language>
          <item>
    <title>&#039;Superbugs&#039; create new challenges for hospital supply chain</title>
    <link>http://vha.newshq.businesswire.com/news/superbugs-create-new-challenges-hospital-supply-chain</link>
    <description>&lt;div class=&quot;field field-type-text field-field-news-item-subtitle  field-fieldnewsitemsubtitle&quot;&gt;
      &lt;div class=&quot;field-label&quot;&gt;Subtitle: &lt;/div&gt;
    &lt;div class=&quot;field-items&quot;&gt;
            &lt;div class=&quot;field-item odd&quot;&gt;
                    Though antibiotic-resistant bugs aren’t new, their rise in U.S. healthcare institutions is leading hospitals to stock up on supplies.        &lt;/div&gt;
        &lt;/div&gt;
&lt;/div&gt;
&lt;div class=&quot;field field-type-link field-field-news-item-article-url  field-fieldnewsitemarticleurl&quot;&gt;
    &lt;div class=&quot;field-items&quot;&gt;
            &lt;div class=&quot;field-item odd&quot;&gt;
                    &lt;a href=&quot;http://www.healthcarefinancenews.com/news/superbugs-create-new-challenges-hospital-supply-chain&quot; target=&quot;_blank&quot;&gt;Website&lt;/a&gt;        &lt;/div&gt;
        &lt;/div&gt;
&lt;/div&gt;
&lt;div class=&quot;field field-type-text field-field-news-item-org  field-fieldnewsitemorg&quot;&gt;
      &lt;div class=&quot;field-label&quot;&gt;News Organization: &lt;/div&gt;
    &lt;div class=&quot;field-items&quot;&gt;
            &lt;div class=&quot;field-item odd&quot;&gt;
                    Healthcare Finance        &lt;/div&gt;
        &lt;/div&gt;
&lt;/div&gt;
&lt;fieldset class=&quot;fieldgroup group-news-item-multimedia&quot;&gt;&lt;legend&gt;Multimedia&lt;/legend&gt;&lt;div class=&quot;field field-type-filefield field-field-news-item-image  field-fieldnewsitemimage&quot;&gt;
    &lt;div class=&quot;field-items&quot;&gt;
            &lt;div class=&quot;field-item odd&quot;&gt;
                    &lt;a href=&quot;/news/superbugs-create-new-challenges-hospital-supply-chain&quot; class=&quot;imagecache imagecache-pr_mm_preview imagecache-linked imagecache-pr_mm_preview_linked&quot;&gt;&lt;img src=&quot;http://vha.newshq.businesswire.com/sites/vha.newshq.businesswire.com/files/imagecache/pr_mm_preview/Healthcare_Finance2.jpg&quot; alt=&quot;&quot; title=&quot;&quot;  class=&quot;imagecache imagecache-pr_mm_preview&quot; width=&quot;240&quot; height=&quot;46&quot; /&gt;&lt;/a&gt;        &lt;/div&gt;
        &lt;/div&gt;
&lt;/div&gt;
&lt;/fieldset&gt;
&lt;div class=&quot;field field-type-text field-field-news-item-language  field-fieldnewsitemlanguage&quot;&gt;
      &lt;div class=&quot;field-label&quot;&gt;Language: &lt;/div&gt;
    &lt;div class=&quot;field-items&quot;&gt;
            &lt;div class=&quot;field-item odd&quot;&gt;
                    English        &lt;/div&gt;
        &lt;/div&gt;
&lt;/div&gt;
</description>
     <category domain="http://vha.newshq.businesswire.com/category/news-category/%5Bcatpath-raw%5D-3">Our Companies</category>
 <pubDate>Mon, 20 Jul 2015 05:00:00 +0000</pubDate>
 <dc:creator />
 <guid isPermaLink="false">185 at http://vha.newshq.businesswire.com</guid>
  </item>  <item>
    <title>The Traits of Today&#039;s Ideal Health Care CEO</title>
    <link>http://vha.newshq.businesswire.com/news/traits-todays-ideal-health-care-ceo-0</link>
    <description>&lt;div class=&quot;field field-type-text field-field-news-item-subtitle  field-fieldnewsitemsubtitle&quot;&gt;
      &lt;div class=&quot;field-label&quot;&gt;Subtitle: &lt;/div&gt;
    &lt;div class=&quot;field-items&quot;&gt;
            &lt;div class=&quot;field-item odd&quot;&gt;
                    What kinds of skills and personality traits do hospital leaders need today to ensure that their organizations thrive in a dramatically changing health care environment?        &lt;/div&gt;
        &lt;/div&gt;
&lt;/div&gt;
&lt;div class=&quot;field field-type-link field-field-news-item-article-url  field-fieldnewsitemarticleurl&quot;&gt;
    &lt;div class=&quot;field-items&quot;&gt;
            &lt;div class=&quot;field-item odd&quot;&gt;
                    &lt;a href=&quot;http://www.hhnmag.com/Magazine/2015/June/cover-new-health-care-CEO&quot; target=&quot;_blank&quot;&gt;Website&lt;/a&gt;        &lt;/div&gt;
        &lt;/div&gt;
&lt;/div&gt;
&lt;div class=&quot;field field-type-text field-field-news-item-org  field-fieldnewsitemorg&quot;&gt;
      &lt;div class=&quot;field-label&quot;&gt;News Organization: &lt;/div&gt;
    &lt;div class=&quot;field-items&quot;&gt;
            &lt;div class=&quot;field-item odd&quot;&gt;
                    Hospitals and Health Networks Magazine        &lt;/div&gt;
        &lt;/div&gt;
&lt;/div&gt;
&lt;fieldset class=&quot;fieldgroup group-news-item-multimedia&quot;&gt;&lt;legend&gt;Multimedia&lt;/legend&gt;&lt;div class=&quot;field field-type-filefield field-field-news-item-image  field-fieldnewsitemimage&quot;&gt;
    &lt;div class=&quot;field-items&quot;&gt;
            &lt;div class=&quot;field-item odd&quot;&gt;
                    &lt;a href=&quot;/news/traits-todays-ideal-health-care-ceo-0&quot; class=&quot;imagecache imagecache-pr_mm_preview imagecache-linked imagecache-pr_mm_preview_linked&quot;&gt;&lt;img src=&quot;http://vha.newshq.businesswire.com/sites/vha.newshq.businesswire.com/files/imagecache/pr_mm_preview/Hospitals_and_Health_Networks_0.png&quot; alt=&quot;Hospitals and Health Networks Magazine&quot; title=&quot;Hospitals and Health Networks Magazine&quot;  class=&quot;imagecache imagecache-pr_mm_preview&quot; width=&quot;120&quot; height=&quot;40&quot; /&gt;&lt;/a&gt;        &lt;/div&gt;
        &lt;/div&gt;
&lt;/div&gt;
&lt;/fieldset&gt;
&lt;div class=&quot;field field-type-text field-field-news-item-language  field-fieldnewsitemlanguage&quot;&gt;
      &lt;div class=&quot;field-label&quot;&gt;Language: &lt;/div&gt;
    &lt;div class=&quot;field-items&quot;&gt;
            &lt;div class=&quot;field-item odd&quot;&gt;
                    English        &lt;/div&gt;
        &lt;/div&gt;
&lt;/div&gt;
</description>
     <category domain="http://vha.newshq.businesswire.com/category/news-category/%5Bcatpath-raw%5D-3">Our Companies</category>
 <pubDate>Tue, 09 Jun 2015 05:00:00 +0000</pubDate>
 <dc:creator />
 <guid isPermaLink="false">184 at http://vha.newshq.businesswire.com</guid>
  </item>  <item>
    <title>Supply Chain Best Practices</title>
    <link>http://vha.newshq.businesswire.com/news/supply-chain-best-practices-0</link>
    <description>&lt;div class=&quot;field field-type-link field-field-news-item-article-url  field-fieldnewsitemarticleurl&quot;&gt;
    &lt;div class=&quot;field-items&quot;&gt;
            &lt;div class=&quot;field-item odd&quot;&gt;
                    &lt;a href=&quot;http://healthcare-executive-insight.advanceweb.com/SharedResources/EBook/2015/June/XI052515/index.html&quot; target=&quot;_blank&quot;&gt;Website&lt;/a&gt;        &lt;/div&gt;
        &lt;/div&gt;
&lt;/div&gt;
&lt;div class=&quot;field field-type-text field-field-news-item-org  field-fieldnewsitemorg&quot;&gt;
      &lt;div class=&quot;field-label&quot;&gt;News Organization: &lt;/div&gt;
    &lt;div class=&quot;field-items&quot;&gt;
            &lt;div class=&quot;field-item odd&quot;&gt;
                    Healthcare Executive Insight        &lt;/div&gt;
        &lt;/div&gt;
&lt;/div&gt;
&lt;fieldset class=&quot;fieldgroup group-news-item-multimedia&quot;&gt;&lt;legend&gt;Multimedia&lt;/legend&gt;&lt;div class=&quot;field field-type-filefield field-field-news-item-image  field-fieldnewsitemimage&quot;&gt;
    &lt;div class=&quot;field-items&quot;&gt;
            &lt;div class=&quot;field-item odd&quot;&gt;
                    &lt;a href=&quot;/news/supply-chain-best-practices-0&quot; class=&quot;imagecache imagecache-pr_mm_preview imagecache-linked imagecache-pr_mm_preview_linked&quot;&gt;&lt;img src=&quot;http://vha.newshq.businesswire.com/sites/vha.newshq.businesswire.com/files/imagecache/pr_mm_preview/Healthcare_Executive_Insight_0.gif&quot; alt=&quot;Healthcare Executive Insight&quot; title=&quot;Healthcare Executive Insight&quot;  class=&quot;imagecache imagecache-pr_mm_preview&quot; width=&quot;120&quot; height=&quot;18&quot; /&gt;&lt;/a&gt;        &lt;/div&gt;
        &lt;/div&gt;
&lt;/div&gt;
&lt;/fieldset&gt;
&lt;div class=&quot;field field-type-text field-field-news-item-language  field-fieldnewsitemlanguage&quot;&gt;
      &lt;div class=&quot;field-label&quot;&gt;Language: &lt;/div&gt;
    &lt;div class=&quot;field-items&quot;&gt;
            &lt;div class=&quot;field-item odd&quot;&gt;
                    English        &lt;/div&gt;
        &lt;/div&gt;
&lt;/div&gt;
</description>
     <category domain="http://vha.newshq.businesswire.com/category/news-category/%5Bcatpath-raw%5D-3">Our Companies</category>
 <pubDate>Thu, 04 Jun 2015 05:00:00 +0000</pubDate>
 <dc:creator />
 <guid isPermaLink="false">183 at http://vha.newshq.businesswire.com</guid>
  </item>  <item>
    <title>Make your service line your starting point to move from volume to value</title>
    <link>http://vha.newshq.businesswire.com/news/make-your-service-line-your-starting-point-move-volume-value-0</link>
    <description>&lt;div class=&quot;field field-type-link field-field-news-item-article-url  field-fieldnewsitemarticleurl&quot;&gt;
    &lt;div class=&quot;field-items&quot;&gt;
            &lt;div class=&quot;field-item odd&quot;&gt;
                    &lt;a href=&quot;http://www.beckershospitalreview.com/finance/make-your-service-line-your-starting-point-to-move-from-volume-to-value.html&quot; target=&quot;_blank&quot;&gt;Website&lt;/a&gt;        &lt;/div&gt;
        &lt;/div&gt;
&lt;/div&gt;
&lt;div class=&quot;field field-type-text field-field-news-item-org  field-fieldnewsitemorg&quot;&gt;
      &lt;div class=&quot;field-label&quot;&gt;News Organization: &lt;/div&gt;
    &lt;div class=&quot;field-items&quot;&gt;
            &lt;div class=&quot;field-item odd&quot;&gt;
                    Becker&amp;#039;s Hospital Review        &lt;/div&gt;
        &lt;/div&gt;
&lt;/div&gt;
&lt;fieldset class=&quot;fieldgroup group-news-item-multimedia&quot;&gt;&lt;legend&gt;Multimedia&lt;/legend&gt;&lt;div class=&quot;field field-type-filefield field-field-news-item-image  field-fieldnewsitemimage&quot;&gt;
    &lt;div class=&quot;field-items&quot;&gt;
            &lt;div class=&quot;field-item odd&quot;&gt;
                    &lt;a href=&quot;/news/make-your-service-line-your-starting-point-move-volume-value-0&quot; class=&quot;imagecache imagecache-pr_mm_preview imagecache-linked imagecache-pr_mm_preview_linked&quot;&gt;&lt;img src=&quot;http://vha.newshq.businesswire.com/sites/vha.newshq.businesswire.com/files/imagecache/pr_mm_preview/Beckers_Hospital_Review_0.png&quot; alt=&quot;Becker&amp;#039;s Hospital Review&quot; title=&quot;Becker&amp;#039;s Hospital Review&quot;  class=&quot;imagecache imagecache-pr_mm_preview&quot; width=&quot;120&quot; height=&quot;24&quot; /&gt;&lt;/a&gt;        &lt;/div&gt;
        &lt;/div&gt;
&lt;/div&gt;
&lt;/fieldset&gt;
&lt;div class=&quot;field field-type-text field-field-news-item-language  field-fieldnewsitemlanguage&quot;&gt;
      &lt;div class=&quot;field-label&quot;&gt;Language: &lt;/div&gt;
    &lt;div class=&quot;field-items&quot;&gt;
            &lt;div class=&quot;field-item odd&quot;&gt;
                    English        &lt;/div&gt;
        &lt;/div&gt;
&lt;/div&gt;
</description>
     <category domain="http://vha.newshq.businesswire.com/category/news-category/%5Bcatpath-raw%5D-3">Our Companies</category>
 <pubDate>Wed, 22 Apr 2015 05:00:00 +0000</pubDate>
 <dc:creator />
 <guid isPermaLink="false">182 at http://vha.newshq.businesswire.com</guid>
  </item>  <item>
    <title>The Impact Of The Literal Tons Of Food Waste At U.S. Hospitals</title>
    <link>http://vha.newshq.businesswire.com/news/impact-literal-tons-food-waste-us-hospitals</link>
    <description>&lt;div class=&quot;field field-type-link field-field-news-item-article-url  field-fieldnewsitemarticleurl&quot;&gt;
    &lt;div class=&quot;field-items&quot;&gt;
            &lt;div class=&quot;field-item odd&quot;&gt;
                    &lt;a href=&quot;http://healthcare.dmagazine.com/2015/04/21/the-impact-of-the-literal-tons-of-food-waste-at-u-s-hospitals/&quot; target=&quot;_blank&quot;&gt;Website&lt;/a&gt;        &lt;/div&gt;
        &lt;/div&gt;
&lt;/div&gt;
&lt;div class=&quot;field field-type-text field-field-news-item-org  field-fieldnewsitemorg&quot;&gt;
      &lt;div class=&quot;field-label&quot;&gt;News Organization: &lt;/div&gt;
    &lt;div class=&quot;field-items&quot;&gt;
            &lt;div class=&quot;field-item odd&quot;&gt;
                    Healthcare Daily        &lt;/div&gt;
        &lt;/div&gt;
&lt;/div&gt;
&lt;fieldset class=&quot;fieldgroup group-news-item-multimedia&quot;&gt;&lt;legend&gt;Multimedia&lt;/legend&gt;&lt;div class=&quot;field field-type-filefield field-field-news-item-image  field-fieldnewsitemimage&quot;&gt;
    &lt;div class=&quot;field-items&quot;&gt;
            &lt;div class=&quot;field-item odd&quot;&gt;
                    &lt;a href=&quot;/news/impact-literal-tons-food-waste-us-hospitals&quot; class=&quot;imagecache imagecache-pr_mm_preview imagecache-linked imagecache-pr_mm_preview_linked&quot;&gt;&lt;img src=&quot;http://vha.newshq.businesswire.com/sites/vha.newshq.businesswire.com/files/imagecache/pr_mm_preview/dhcd-logo-120.png&quot; alt=&quot;Healthcare Daily&quot; title=&quot;Healthcare Daily&quot;  class=&quot;imagecache imagecache-pr_mm_preview&quot; width=&quot;120&quot; height=&quot;18&quot; /&gt;&lt;/a&gt;        &lt;/div&gt;
        &lt;/div&gt;
&lt;/div&gt;
&lt;/fieldset&gt;
&lt;div class=&quot;field field-type-text field-field-news-item-language  field-fieldnewsitemlanguage&quot;&gt;
      &lt;div class=&quot;field-label&quot;&gt;Language: &lt;/div&gt;
    &lt;div class=&quot;field-items&quot;&gt;
            &lt;div class=&quot;field-item odd&quot;&gt;
                    English        &lt;/div&gt;
        &lt;/div&gt;
&lt;/div&gt;
</description>
     <category domain="http://vha.newshq.businesswire.com/category/news-category/%5Bcatpath-raw%5D-3">Our Companies</category>
 <pubDate>Tue, 21 Apr 2015 05:00:00 +0000</pubDate>
 <dc:creator />
 <guid isPermaLink="false">181 at http://vha.newshq.businesswire.com</guid>
  </item>  <item>
    <title>Stopping dirty supply data before it becomes a problem</title>
    <link>http://vha.newshq.businesswire.com/news/stopping-dirty-supply-data-it-becomes-problem</link>
    <description>&lt;div class=&quot;field field-type-text field-field-news-item-subtitle  field-fieldnewsitemsubtitle&quot;&gt;
      &lt;div class=&quot;field-label&quot;&gt;Subtitle: &lt;/div&gt;
    &lt;div class=&quot;field-items&quot;&gt;
            &lt;div class=&quot;field-item odd&quot;&gt;
                    Three actions to improve your item master management.        &lt;/div&gt;
        &lt;/div&gt;
&lt;/div&gt;
&lt;div class=&quot;field field-type-link field-field-news-item-article-url  field-fieldnewsitemarticleurl&quot;&gt;
    &lt;div class=&quot;field-items&quot;&gt;
            &lt;div class=&quot;field-item odd&quot;&gt;
                    &lt;a href=&quot;http://www.healthcarefinancenews.com/blog/stopping-dirty-supply-data-it-becomes-problem&quot; target=&quot;_blank&quot;&gt;Website&lt;/a&gt;        &lt;/div&gt;
        &lt;/div&gt;
&lt;/div&gt;
&lt;div class=&quot;field field-type-text field-field-news-item-org  field-fieldnewsitemorg&quot;&gt;
      &lt;div class=&quot;field-label&quot;&gt;News Organization: &lt;/div&gt;
    &lt;div class=&quot;field-items&quot;&gt;
            &lt;div class=&quot;field-item odd&quot;&gt;
                    Healthcare Finance        &lt;/div&gt;
        &lt;/div&gt;
&lt;/div&gt;
&lt;fieldset class=&quot;fieldgroup group-news-item-multimedia&quot;&gt;&lt;legend&gt;Multimedia&lt;/legend&gt;&lt;div class=&quot;field field-type-filefield field-field-news-item-image  field-fieldnewsitemimage&quot;&gt;
    &lt;div class=&quot;field-items&quot;&gt;
            &lt;div class=&quot;field-item odd&quot;&gt;
                    &lt;a href=&quot;/news/stopping-dirty-supply-data-it-becomes-problem&quot; class=&quot;imagecache imagecache-pr_mm_preview imagecache-linked imagecache-pr_mm_preview_linked&quot;&gt;&lt;img src=&quot;http://vha.newshq.businesswire.com/sites/vha.newshq.businesswire.com/files/imagecache/pr_mm_preview/Healthcare_Finance2.jpg&quot; alt=&quot;&quot; title=&quot;&quot;  class=&quot;imagecache imagecache-pr_mm_preview&quot; width=&quot;240&quot; height=&quot;46&quot; /&gt;&lt;/a&gt;        &lt;/div&gt;
        &lt;/div&gt;
&lt;/div&gt;
&lt;/fieldset&gt;
&lt;div class=&quot;field field-type-text field-field-news-item-language  field-fieldnewsitemlanguage&quot;&gt;
      &lt;div class=&quot;field-label&quot;&gt;Language: &lt;/div&gt;
    &lt;div class=&quot;field-items&quot;&gt;
            &lt;div class=&quot;field-item odd&quot;&gt;
                    English        &lt;/div&gt;
        &lt;/div&gt;
&lt;/div&gt;
</description>
     <category domain="http://vha.newshq.businesswire.com/category/news-category/%5Bcatpath-raw%5D-3">Our Companies</category>
 <pubDate>Mon, 09 Mar 2015 05:00:00 +0000</pubDate>
 <dc:creator />
 <guid isPermaLink="false">180 at http://vha.newshq.businesswire.com</guid>
  </item>  <item>
    <title>Hospital Coalitions Save Money and Improve Care</title>
    <link>http://vha.newshq.businesswire.com/news/hospital-coalitions-save-money-and-improve-care</link>
    <description>&lt;div class=&quot;field field-type-link field-field-news-item-article-url  field-fieldnewsitemarticleurl&quot;&gt;
    &lt;div class=&quot;field-items&quot;&gt;
            &lt;div class=&quot;field-item odd&quot;&gt;
                    &lt;a href=&quot;https://hbr.org/2014/12/hospital-coalitions-save-money-and-improve-care/&quot; target=&quot;_blank&quot;&gt;Website&lt;/a&gt;        &lt;/div&gt;
        &lt;/div&gt;
&lt;/div&gt;
&lt;div class=&quot;field field-type-text field-field-news-item-org  field-fieldnewsitemorg&quot;&gt;
      &lt;div class=&quot;field-label&quot;&gt;News Organization: &lt;/div&gt;
    &lt;div class=&quot;field-items&quot;&gt;
            &lt;div class=&quot;field-item odd&quot;&gt;
                    Harvard Business Review        &lt;/div&gt;
        &lt;/div&gt;
&lt;/div&gt;
&lt;fieldset class=&quot;fieldgroup group-news-item-multimedia&quot;&gt;&lt;legend&gt;Multimedia&lt;/legend&gt;&lt;div class=&quot;field field-type-filefield field-field-news-item-image  field-fieldnewsitemimage&quot;&gt;
    &lt;div class=&quot;field-items&quot;&gt;
            &lt;div class=&quot;field-item odd&quot;&gt;
                    &lt;a href=&quot;/news/hospital-coalitions-save-money-and-improve-care&quot; class=&quot;imagecache imagecache-pr_mm_preview imagecache-linked imagecache-pr_mm_preview_linked&quot;&gt;&lt;img src=&quot;http://vha.newshq.businesswire.com/sites/vha.newshq.businesswire.com/files/imagecache/pr_mm_preview/HBR.png&quot; alt=&quot;&quot; title=&quot;&quot;  class=&quot;imagecache imagecache-pr_mm_preview&quot; width=&quot;240&quot; height=&quot;131&quot; /&gt;&lt;/a&gt;        &lt;/div&gt;
        &lt;/div&gt;
&lt;/div&gt;
&lt;/fieldset&gt;
&lt;div class=&quot;field field-type-text field-field-news-item-language  field-fieldnewsitemlanguage&quot;&gt;
      &lt;div class=&quot;field-label&quot;&gt;Language: &lt;/div&gt;
    &lt;div class=&quot;field-items&quot;&gt;
            &lt;div class=&quot;field-item odd&quot;&gt;
                    English        &lt;/div&gt;
        &lt;/div&gt;
&lt;/div&gt;
</description>
     <category domain="http://vha.newshq.businesswire.com/category/news-category/%5Bcatpath-raw%5D-3">Our Companies</category>
 <pubDate>Thu, 18 Dec 2014 06:00:00 +0000</pubDate>
 <dc:creator />
 <guid isPermaLink="false">179 at http://vha.newshq.businesswire.com</guid>
  </item>  <item>
    <title>3 Tactics to Engage Nurses in Moving Value Metrics</title>
    <link>http://vha.newshq.businesswire.com/news/3-tactics-engage-nurses-moving-value-metrics</link>
    <description>&lt;div class=&quot;field field-type-link field-field-news-item-article-url  field-fieldnewsitemarticleurl&quot;&gt;
    &lt;div class=&quot;field-items&quot;&gt;
            &lt;div class=&quot;field-item odd&quot;&gt;
                    &lt;a href=&quot;http://www.informz.net/admin31/content/template.asp?sid=11487&amp;ptid=536&amp;brandid=436&amp;uid=0&amp;mi=1871008&amp;ps=11487&quot; target=&quot;_blank&quot;&gt;Website&lt;/a&gt;        &lt;/div&gt;
        &lt;/div&gt;
&lt;/div&gt;
&lt;div class=&quot;field field-type-text field-field-news-item-org  field-fieldnewsitemorg&quot;&gt;
      &lt;div class=&quot;field-label&quot;&gt;News Organization: &lt;/div&gt;
    &lt;div class=&quot;field-items&quot;&gt;
            &lt;div class=&quot;field-item odd&quot;&gt;
                    AORN        &lt;/div&gt;
        &lt;/div&gt;
&lt;/div&gt;
&lt;fieldset class=&quot;fieldgroup group-news-item-multimedia&quot;&gt;&lt;legend&gt;Multimedia&lt;/legend&gt;&lt;div class=&quot;field field-type-filefield field-field-news-item-image  field-fieldnewsitemimage&quot;&gt;
    &lt;div class=&quot;field-items&quot;&gt;
            &lt;div class=&quot;field-item odd&quot;&gt;
                    &lt;a href=&quot;/news/3-tactics-engage-nurses-moving-value-metrics&quot; class=&quot;imagecache imagecache-pr_mm_preview imagecache-linked imagecache-pr_mm_preview_linked&quot;&gt;&lt;img src=&quot;http://vha.newshq.businesswire.com/sites/vha.newshq.businesswire.com/files/imagecache/pr_mm_preview/AORN.jpg&quot; alt=&quot;&quot; title=&quot;&quot;  class=&quot;imagecache imagecache-pr_mm_preview&quot; width=&quot;240&quot; height=&quot;84&quot; /&gt;&lt;/a&gt;        &lt;/div&gt;
        &lt;/div&gt;
&lt;/div&gt;
&lt;/fieldset&gt;
&lt;div class=&quot;field field-type-text field-field-news-item-language  field-fieldnewsitemlanguage&quot;&gt;
      &lt;div class=&quot;field-label&quot;&gt;Language: &lt;/div&gt;
    &lt;div class=&quot;field-items&quot;&gt;
            &lt;div class=&quot;field-item odd&quot;&gt;
                    English        &lt;/div&gt;
        &lt;/div&gt;
&lt;/div&gt;
</description>
     <category domain="http://vha.newshq.businesswire.com/category/news-category/%5Bcatpath-raw%5D-3">Our Companies</category>
 <pubDate>Mon, 01 Dec 2014 06:00:00 +0000</pubDate>
 <dc:creator />
 <guid isPermaLink="false">178 at http://vha.newshq.businesswire.com</guid>
  </item>  <item>
    <title>Clinical integration can lead to cost reduction</title>
    <link>http://vha.newshq.businesswire.com/news/clinical-integration-can-lead-cost-reduction</link>
    <description>&lt;div class=&quot;field field-type-text field-field-news-item-subtitle  field-fieldnewsitemsubtitle&quot;&gt;
      &lt;div class=&quot;field-label&quot;&gt;Subtitle: &lt;/div&gt;
    &lt;div class=&quot;field-items&quot;&gt;
            &lt;div class=&quot;field-item odd&quot;&gt;
                    Clinicians will help improve the supply chain planning process if given the chance        &lt;/div&gt;
        &lt;/div&gt;
&lt;/div&gt;
&lt;div class=&quot;field field-type-link field-field-news-item-article-url  field-fieldnewsitemarticleurl&quot;&gt;
    &lt;div class=&quot;field-items&quot;&gt;
            &lt;div class=&quot;field-item odd&quot;&gt;
                    &lt;a href=&quot;http://www.healthcarefinancenews.com/news/clinical-integration-can-lead-cost-reduction&quot; target=&quot;_blank&quot;&gt;Website&lt;/a&gt;        &lt;/div&gt;
        &lt;/div&gt;
&lt;/div&gt;
&lt;div class=&quot;field field-type-text field-field-news-item-org  field-fieldnewsitemorg&quot;&gt;
      &lt;div class=&quot;field-label&quot;&gt;News Organization: &lt;/div&gt;
    &lt;div class=&quot;field-items&quot;&gt;
            &lt;div class=&quot;field-item odd&quot;&gt;
                    Healthcare Finance        &lt;/div&gt;
        &lt;/div&gt;
&lt;/div&gt;
&lt;fieldset class=&quot;fieldgroup group-news-item-multimedia&quot;&gt;&lt;legend&gt;Multimedia&lt;/legend&gt;&lt;div class=&quot;field field-type-filefield field-field-news-item-image  field-fieldnewsitemimage&quot;&gt;
    &lt;div class=&quot;field-items&quot;&gt;
            &lt;div class=&quot;field-item odd&quot;&gt;
                    &lt;a href=&quot;/news/clinical-integration-can-lead-cost-reduction&quot; class=&quot;imagecache imagecache-pr_mm_preview imagecache-linked imagecache-pr_mm_preview_linked&quot;&gt;&lt;img src=&quot;http://vha.newshq.businesswire.com/sites/vha.newshq.businesswire.com/files/imagecache/pr_mm_preview/Healthcare_Finance2.jpg&quot; alt=&quot;&quot; title=&quot;&quot;  class=&quot;imagecache imagecache-pr_mm_preview&quot; width=&quot;240&quot; height=&quot;46&quot; /&gt;&lt;/a&gt;        &lt;/div&gt;
        &lt;/div&gt;
&lt;/div&gt;
&lt;/fieldset&gt;
&lt;div class=&quot;field field-type-text field-field-news-item-language  field-fieldnewsitemlanguage&quot;&gt;
      &lt;div class=&quot;field-label&quot;&gt;Language: &lt;/div&gt;
    &lt;div class=&quot;field-items&quot;&gt;
            &lt;div class=&quot;field-item odd&quot;&gt;
                    English        &lt;/div&gt;
        &lt;/div&gt;
&lt;/div&gt;
</description>
     <category domain="http://vha.newshq.businesswire.com/category/news-category/%5Bcatpath-raw%5D-3">Our Companies</category>
 <pubDate>Tue, 18 Nov 2014 06:00:00 +0000</pubDate>
 <dc:creator />
 <guid isPermaLink="false">177 at http://vha.newshq.businesswire.com</guid>
  </item>  <item>
    <title>From supply chain to the C-suite: Analytical insights</title>
    <link>http://vha.newshq.businesswire.com/news/supply-chain-c-suite-analytical-insights</link>
    <description>&lt;div class=&quot;field field-type-text field-field-news-item-subtitle  field-fieldnewsitemsubtitle&quot;&gt;
      &lt;div class=&quot;field-label&quot;&gt;Subtitle: &lt;/div&gt;
    &lt;div class=&quot;field-items&quot;&gt;
            &lt;div class=&quot;field-item odd&quot;&gt;
                    Taking the initiative to develop and share valuable, actionable information in your regular meetings is a true win-win opportunity        &lt;/div&gt;
        &lt;/div&gt;
&lt;/div&gt;
&lt;div class=&quot;field field-type-link field-field-news-item-article-url  field-fieldnewsitemarticleurl&quot;&gt;
    &lt;div class=&quot;field-items&quot;&gt;
            &lt;div class=&quot;field-item odd&quot;&gt;
                    &lt;a href=&quot;http://www.healthcarefinancenews.com/blog/supply-chain-c-suite-analytical-insights&quot; target=&quot;_blank&quot;&gt;Website&lt;/a&gt;        &lt;/div&gt;
        &lt;/div&gt;
&lt;/div&gt;
&lt;div class=&quot;field field-type-text field-field-news-item-org  field-fieldnewsitemorg&quot;&gt;
      &lt;div class=&quot;field-label&quot;&gt;News Organization: &lt;/div&gt;
    &lt;div class=&quot;field-items&quot;&gt;
            &lt;div class=&quot;field-item odd&quot;&gt;
                    Healthcare Finance        &lt;/div&gt;
        &lt;/div&gt;
&lt;/div&gt;
&lt;fieldset class=&quot;fieldgroup group-news-item-multimedia&quot;&gt;&lt;legend&gt;Multimedia&lt;/legend&gt;&lt;div class=&quot;field field-type-filefield field-field-news-item-image  field-fieldnewsitemimage&quot;&gt;
    &lt;div class=&quot;field-items&quot;&gt;
            &lt;div class=&quot;field-item odd&quot;&gt;
                    &lt;a href=&quot;/news/supply-chain-c-suite-analytical-insights&quot; class=&quot;imagecache imagecache-pr_mm_preview imagecache-linked imagecache-pr_mm_preview_linked&quot;&gt;&lt;img src=&quot;http://vha.newshq.businesswire.com/sites/vha.newshq.businesswire.com/files/imagecache/pr_mm_preview/Healthcare_Finance2.jpg&quot; alt=&quot;&quot; title=&quot;&quot;  class=&quot;imagecache imagecache-pr_mm_preview&quot; width=&quot;240&quot; height=&quot;46&quot; /&gt;&lt;/a&gt;        &lt;/div&gt;
        &lt;/div&gt;
&lt;/div&gt;
&lt;/fieldset&gt;
&lt;div class=&quot;field field-type-text field-field-news-item-language  field-fieldnewsitemlanguage&quot;&gt;
      &lt;div class=&quot;field-label&quot;&gt;Language: &lt;/div&gt;
    &lt;div class=&quot;field-items&quot;&gt;
            &lt;div class=&quot;field-item odd&quot;&gt;
                    English        &lt;/div&gt;
        &lt;/div&gt;
&lt;/div&gt;
</description>
     <category domain="http://vha.newshq.businesswire.com/category/news-category/%5Bcatpath-raw%5D-3">Our Companies</category>
 <pubDate>Thu, 16 Oct 2014 05:00:00 +0000</pubDate>
 <dc:creator />
 <guid isPermaLink="false">176 at http://vha.newshq.businesswire.com</guid>
  </item>  <item>
    <title>Tying environmental consciousness to fiscal responsibility: 3 areas where hospitals can go green and cut costs</title>
    <link>http://vha.newshq.businesswire.com/news/tying-environmental-consciousness-fiscal-responsibility-3-areas-where-hospitals-can-go-green-an</link>
    <description>&lt;div class=&quot;field field-type-link field-field-news-item-article-url  field-fieldnewsitemarticleurl&quot;&gt;
    &lt;div class=&quot;field-items&quot;&gt;
            &lt;div class=&quot;field-item odd&quot;&gt;
                    &lt;a href=&quot;http://www.beckershospitalreview.com/finance/tying-environmental-consciousness-to-fiscal-responsibility-3-areas-where-hospitals-can-go-green-and-cut-costs.html&quot; target=&quot;_blank&quot;&gt;Website&lt;/a&gt;        &lt;/div&gt;
        &lt;/div&gt;
&lt;/div&gt;
&lt;div class=&quot;field field-type-text field-field-news-item-org  field-fieldnewsitemorg&quot;&gt;
      &lt;div class=&quot;field-label&quot;&gt;News Organization: &lt;/div&gt;
    &lt;div class=&quot;field-items&quot;&gt;
            &lt;div class=&quot;field-item odd&quot;&gt;
                    Becker&amp;#039;s Hospital Review        &lt;/div&gt;
        &lt;/div&gt;
&lt;/div&gt;
&lt;fieldset class=&quot;fieldgroup group-news-item-multimedia&quot;&gt;&lt;legend&gt;Multimedia&lt;/legend&gt;&lt;div class=&quot;field field-type-filefield field-field-news-item-image  field-fieldnewsitemimage&quot;&gt;
    &lt;div class=&quot;field-items&quot;&gt;
            &lt;div class=&quot;field-item odd&quot;&gt;
                    &lt;a href=&quot;/news/tying-environmental-consciousness-fiscal-responsibility-3-areas-where-hospitals-can-go-green-an&quot; class=&quot;imagecache imagecache-pr_mm_preview imagecache-linked imagecache-pr_mm_preview_linked&quot;&gt;&lt;img src=&quot;http://vha.newshq.businesswire.com/sites/vha.newshq.businesswire.com/files/imagecache/pr_mm_preview/Beckers_Hospital_Review_0.png&quot; alt=&quot;Becker&amp;#039;s Hospital Review&quot; title=&quot;Becker&amp;#039;s Hospital Review&quot;  class=&quot;imagecache imagecache-pr_mm_preview&quot; width=&quot;120&quot; height=&quot;24&quot; /&gt;&lt;/a&gt;        &lt;/div&gt;
        &lt;/div&gt;
&lt;/div&gt;
&lt;/fieldset&gt;
&lt;div class=&quot;field field-type-text field-field-news-item-language  field-fieldnewsitemlanguage&quot;&gt;
      &lt;div class=&quot;field-label&quot;&gt;Language: &lt;/div&gt;
    &lt;div class=&quot;field-items&quot;&gt;
            &lt;div class=&quot;field-item odd&quot;&gt;
                    English        &lt;/div&gt;
        &lt;/div&gt;
&lt;/div&gt;
</description>
     <category domain="http://vha.newshq.businesswire.com/category/news-category/%5Bcatpath-raw%5D-3">Our Companies</category>
 <pubDate>Tue, 07 Oct 2014 05:00:00 +0000</pubDate>
 <dc:creator />
 <guid isPermaLink="false">175 at http://vha.newshq.businesswire.com</guid>
  </item>  <item>
    <title>Sustainability still a work in progress</title>
    <link>http://vha.newshq.businesswire.com/news/sustainability-still-work-progress</link>
    <description>&lt;div class=&quot;field field-type-text field-field-news-item-subtitle  field-fieldnewsitemsubtitle&quot;&gt;
      &lt;div class=&quot;field-label&quot;&gt;Subtitle: &lt;/div&gt;
    &lt;div class=&quot;field-items&quot;&gt;
            &lt;div class=&quot;field-item odd&quot;&gt;
                    Healthcare organizations strive for balance between keeping it green and keeping it real        &lt;/div&gt;
        &lt;/div&gt;
&lt;/div&gt;
&lt;div class=&quot;field field-type-link field-field-news-item-article-url  field-fieldnewsitemarticleurl&quot;&gt;
    &lt;div class=&quot;field-items&quot;&gt;
            &lt;div class=&quot;field-item odd&quot;&gt;
                    &lt;a href=&quot;http://www.hpnonline.com/inside/2014-09/1409-SF-sustainability.html&quot; target=&quot;_blank&quot;&gt;Website&lt;/a&gt;        &lt;/div&gt;
        &lt;/div&gt;
&lt;/div&gt;
&lt;div class=&quot;field field-type-text field-field-news-item-org  field-fieldnewsitemorg&quot;&gt;
      &lt;div class=&quot;field-label&quot;&gt;News Organization: &lt;/div&gt;
    &lt;div class=&quot;field-items&quot;&gt;
            &lt;div class=&quot;field-item odd&quot;&gt;
                    Healthcare Purchasing News        &lt;/div&gt;
        &lt;/div&gt;
&lt;/div&gt;
&lt;fieldset class=&quot;fieldgroup group-news-item-multimedia&quot;&gt;&lt;legend&gt;Multimedia&lt;/legend&gt;&lt;div class=&quot;field field-type-filefield field-field-news-item-image  field-fieldnewsitemimage&quot;&gt;
    &lt;div class=&quot;field-items&quot;&gt;
            &lt;div class=&quot;field-item odd&quot;&gt;
                    &lt;a href=&quot;/news/sustainability-still-work-progress&quot; class=&quot;imagecache imagecache-pr_mm_preview imagecache-linked imagecache-pr_mm_preview_linked&quot;&gt;&lt;img src=&quot;http://vha.newshq.businesswire.com/sites/vha.newshq.businesswire.com/files/imagecache/pr_mm_preview/2013webhead_120.png&quot; alt=&quot;Healthcare Purchasing News&quot; title=&quot;Healthcare Purchasing News&quot;  class=&quot;imagecache imagecache-pr_mm_preview&quot; width=&quot;120&quot; height=&quot;18&quot; /&gt;&lt;/a&gt;        &lt;/div&gt;
        &lt;/div&gt;
&lt;/div&gt;
&lt;/fieldset&gt;
&lt;div class=&quot;field field-type-text field-field-news-item-language  field-fieldnewsitemlanguage&quot;&gt;
      &lt;div class=&quot;field-label&quot;&gt;Language: &lt;/div&gt;
    &lt;div class=&quot;field-items&quot;&gt;
            &lt;div class=&quot;field-item odd&quot;&gt;
                    English        &lt;/div&gt;
        &lt;/div&gt;
&lt;/div&gt;
</description>
     <category domain="http://vha.newshq.businesswire.com/category/news-category/%5Bcatpath-raw%5D-3">Our Companies</category>
 <pubDate>Mon, 01 Sep 2014 05:00:00 +0000</pubDate>
 <dc:creator />
 <guid isPermaLink="false">174 at http://vha.newshq.businesswire.com</guid>
  </item>  <item>
    <title>Sustainability success stories abound</title>
    <link>http://vha.newshq.businesswire.com/news/sustainability-success-stories-abound</link>
    <description>&lt;div class=&quot;field field-type-link field-field-news-item-article-url  field-fieldnewsitemarticleurl&quot;&gt;
    &lt;div class=&quot;field-items&quot;&gt;
            &lt;div class=&quot;field-item odd&quot;&gt;
                    &lt;a href=&quot;http://www.hpnonline.com/inside/2014-09/1409-SF-sustainable.html#SB2&quot; target=&quot;_blank&quot;&gt;Website&lt;/a&gt;        &lt;/div&gt;
        &lt;/div&gt;
&lt;/div&gt;
&lt;div class=&quot;field field-type-text field-field-news-item-org  field-fieldnewsitemorg&quot;&gt;
      &lt;div class=&quot;field-label&quot;&gt;News Organization: &lt;/div&gt;
    &lt;div class=&quot;field-items&quot;&gt;
            &lt;div class=&quot;field-item odd&quot;&gt;
                    Healthcare Purchasing News        &lt;/div&gt;
        &lt;/div&gt;
&lt;/div&gt;
&lt;fieldset class=&quot;fieldgroup group-news-item-multimedia&quot;&gt;&lt;legend&gt;Multimedia&lt;/legend&gt;&lt;div class=&quot;field field-type-filefield field-field-news-item-image  field-fieldnewsitemimage&quot;&gt;
    &lt;div class=&quot;field-items&quot;&gt;
            &lt;div class=&quot;field-item odd&quot;&gt;
                    &lt;a href=&quot;/news/sustainability-success-stories-abound&quot; class=&quot;imagecache imagecache-pr_mm_preview imagecache-linked imagecache-pr_mm_preview_linked&quot;&gt;&lt;img src=&quot;http://vha.newshq.businesswire.com/sites/vha.newshq.businesswire.com/files/imagecache/pr_mm_preview/2013webhead_120.png&quot; alt=&quot;Healthcare Purchasing News&quot; title=&quot;Healthcare Purchasing News&quot;  class=&quot;imagecache imagecache-pr_mm_preview&quot; width=&quot;120&quot; height=&quot;18&quot; /&gt;&lt;/a&gt;        &lt;/div&gt;
        &lt;/div&gt;
&lt;/div&gt;
&lt;/fieldset&gt;
&lt;div class=&quot;field field-type-text field-field-news-item-language  field-fieldnewsitemlanguage&quot;&gt;
      &lt;div class=&quot;field-label&quot;&gt;Language: &lt;/div&gt;
    &lt;div class=&quot;field-items&quot;&gt;
            &lt;div class=&quot;field-item odd&quot;&gt;
                    English        &lt;/div&gt;
        &lt;/div&gt;
&lt;/div&gt;
</description>
     <category domain="http://vha.newshq.businesswire.com/category/news-category/%5Bcatpath-raw%5D-3">Our Companies</category>
 <pubDate>Mon, 01 Sep 2014 05:00:00 +0000</pubDate>
 <dc:creator />
 <guid isPermaLink="false">171 at http://vha.newshq.businesswire.com</guid>
  </item>  <item>
    <title>Evnvironmental Trends</title>
    <link>http://vha.newshq.businesswire.com/news/evnvironmental-trends</link>
    <description>&lt;div class=&quot;field field-type-text field-field-news-item-subtitle  field-fieldnewsitemsubtitle&quot;&gt;
      &lt;div class=&quot;field-label&quot;&gt;Subtitle: &lt;/div&gt;
    &lt;div class=&quot;field-items&quot;&gt;
            &lt;div class=&quot;field-item odd&quot;&gt;
                    What environmental processes and/or products are trending within Supply Chain, Sterile Processing &amp; Distribution (SPD) and Surgical Services areas?        &lt;/div&gt;
        &lt;/div&gt;
&lt;/div&gt;
&lt;div class=&quot;field field-type-link field-field-news-item-article-url  field-fieldnewsitemarticleurl&quot;&gt;
    &lt;div class=&quot;field-items&quot;&gt;
            &lt;div class=&quot;field-item odd&quot;&gt;
                    &lt;a href=&quot;http://www.hpnonline.com/inside/2014-09/1409-SF-sustainable.html#SB3&quot; target=&quot;_blank&quot;&gt;Website&lt;/a&gt;        &lt;/div&gt;
        &lt;/div&gt;
&lt;/div&gt;
&lt;div class=&quot;field field-type-text field-field-news-item-org  field-fieldnewsitemorg&quot;&gt;
      &lt;div class=&quot;field-label&quot;&gt;News Organization: &lt;/div&gt;
    &lt;div class=&quot;field-items&quot;&gt;
            &lt;div class=&quot;field-item odd&quot;&gt;
                    Healthcare Purchasing News        &lt;/div&gt;
        &lt;/div&gt;
&lt;/div&gt;
&lt;fieldset class=&quot;fieldgroup group-news-item-multimedia&quot;&gt;&lt;legend&gt;Multimedia&lt;/legend&gt;&lt;div class=&quot;field field-type-filefield field-field-news-item-image  field-fieldnewsitemimage&quot;&gt;
    &lt;div class=&quot;field-items&quot;&gt;
            &lt;div class=&quot;field-item odd&quot;&gt;
                    &lt;a href=&quot;/news/evnvironmental-trends&quot; class=&quot;imagecache imagecache-pr_mm_preview imagecache-linked imagecache-pr_mm_preview_linked&quot;&gt;&lt;img src=&quot;http://vha.newshq.businesswire.com/sites/vha.newshq.businesswire.com/files/imagecache/pr_mm_preview/2013webhead_120.png&quot; alt=&quot;Healthcare Purchasing News&quot; title=&quot;Healthcare Purchasing News&quot;  class=&quot;imagecache imagecache-pr_mm_preview&quot; width=&quot;120&quot; height=&quot;18&quot; /&gt;&lt;/a&gt;        &lt;/div&gt;
        &lt;/div&gt;
&lt;/div&gt;
&lt;/fieldset&gt;
&lt;div class=&quot;field field-type-text field-field-news-item-language  field-fieldnewsitemlanguage&quot;&gt;
      &lt;div class=&quot;field-label&quot;&gt;Language: &lt;/div&gt;
    &lt;div class=&quot;field-items&quot;&gt;
            &lt;div class=&quot;field-item odd&quot;&gt;
                    English        &lt;/div&gt;
        &lt;/div&gt;
&lt;/div&gt;
</description>
     <category domain="http://vha.newshq.businesswire.com/category/news-category/%5Bcatpath-raw%5D-3">Our Companies</category>
 <pubDate>Mon, 01 Sep 2014 05:00:00 +0000</pubDate>
 <dc:creator />
 <guid isPermaLink="false">172 at http://vha.newshq.businesswire.com</guid>
  </item>  <item>
    <title>Are you sustainably savvy?</title>
    <link>http://vha.newshq.businesswire.com/news/are-you-sustainably-savvy</link>
    <description>&lt;div class=&quot;field field-type-link field-field-news-item-article-url  field-fieldnewsitemarticleurl&quot;&gt;
    &lt;div class=&quot;field-items&quot;&gt;
            &lt;div class=&quot;field-item odd&quot;&gt;
                    &lt;a href=&quot;http://www.hpnonline.com/inside/2014-09/1409-SF-sustainable.html#SB1&quot; target=&quot;_blank&quot;&gt;Website&lt;/a&gt;        &lt;/div&gt;
        &lt;/div&gt;
&lt;/div&gt;
&lt;div class=&quot;field field-type-text field-field-news-item-org  field-fieldnewsitemorg&quot;&gt;
      &lt;div class=&quot;field-label&quot;&gt;News Organization: &lt;/div&gt;
    &lt;div class=&quot;field-items&quot;&gt;
            &lt;div class=&quot;field-item odd&quot;&gt;
                    Healthcare Purchasing News        &lt;/div&gt;
        &lt;/div&gt;
&lt;/div&gt;
&lt;fieldset class=&quot;fieldgroup group-news-item-multimedia&quot;&gt;&lt;legend&gt;Multimedia&lt;/legend&gt;&lt;div class=&quot;field field-type-filefield field-field-news-item-image  field-fieldnewsitemimage&quot;&gt;
    &lt;div class=&quot;field-items&quot;&gt;
            &lt;div class=&quot;field-item odd&quot;&gt;
                    &lt;a href=&quot;/news/are-you-sustainably-savvy&quot; class=&quot;imagecache imagecache-pr_mm_preview imagecache-linked imagecache-pr_mm_preview_linked&quot;&gt;&lt;img src=&quot;http://vha.newshq.businesswire.com/sites/vha.newshq.businesswire.com/files/imagecache/pr_mm_preview/2013webhead_120.png&quot; alt=&quot;Healthcare Purchasing News&quot; title=&quot;Healthcare Purchasing News&quot;  class=&quot;imagecache imagecache-pr_mm_preview&quot; width=&quot;120&quot; height=&quot;18&quot; /&gt;&lt;/a&gt;        &lt;/div&gt;
        &lt;/div&gt;
&lt;/div&gt;
&lt;/fieldset&gt;
&lt;div class=&quot;field field-type-text field-field-news-item-language  field-fieldnewsitemlanguage&quot;&gt;
      &lt;div class=&quot;field-label&quot;&gt;Language: &lt;/div&gt;
    &lt;div class=&quot;field-items&quot;&gt;
            &lt;div class=&quot;field-item odd&quot;&gt;
                    English        &lt;/div&gt;
        &lt;/div&gt;
&lt;/div&gt;
</description>
     <category domain="http://vha.newshq.businesswire.com/category/news-category/%5Bcatpath-raw%5D-3">Our Companies</category>
 <pubDate>Mon, 01 Sep 2014 05:00:00 +0000</pubDate>
 <dc:creator />
 <guid isPermaLink="false">173 at http://vha.newshq.businesswire.com</guid>
  </item>  <item>
    <title>Comparative analytics and the new era of benchmarking</title>
    <link>http://vha.newshq.businesswire.com/news/comparative-analytics-and-new-era-benchmarking</link>
    <description>&lt;div class=&quot;field field-type-text field-field-news-item-subtitle  field-fieldnewsitemsubtitle&quot;&gt;
      &lt;div class=&quot;field-label&quot;&gt;Subtitle: &lt;/div&gt;
    &lt;div class=&quot;field-items&quot;&gt;
            &lt;div class=&quot;field-item odd&quot;&gt;
                    The phrase “you cannot manage what you do not measure” sums up the importance of adding comparative analytics capabilities        &lt;/div&gt;
        &lt;/div&gt;
&lt;/div&gt;
&lt;div class=&quot;field field-type-link field-field-news-item-article-url  field-fieldnewsitemarticleurl&quot;&gt;
    &lt;div class=&quot;field-items&quot;&gt;
            &lt;div class=&quot;field-item odd&quot;&gt;
                    &lt;a href=&quot;http://www.healthcareitnews.com/blog/comparative-analytics-new-era-benchmarking&quot; target=&quot;_blank&quot;&gt;Website&lt;/a&gt;        &lt;/div&gt;
        &lt;/div&gt;
&lt;/div&gt;
&lt;div class=&quot;field field-type-text field-field-news-item-org  field-fieldnewsitemorg&quot;&gt;
      &lt;div class=&quot;field-label&quot;&gt;News Organization: &lt;/div&gt;
    &lt;div class=&quot;field-items&quot;&gt;
            &lt;div class=&quot;field-item odd&quot;&gt;
                    Healthcare IT News        &lt;/div&gt;
        &lt;/div&gt;
&lt;/div&gt;
&lt;fieldset class=&quot;fieldgroup group-news-item-multimedia&quot;&gt;&lt;legend&gt;Multimedia&lt;/legend&gt;&lt;div class=&quot;field field-type-filefield field-field-news-item-image  field-fieldnewsitemimage&quot;&gt;
    &lt;div class=&quot;field-items&quot;&gt;
            &lt;div class=&quot;field-item odd&quot;&gt;
                    &lt;a href=&quot;/news/comparative-analytics-and-new-era-benchmarking&quot; class=&quot;imagecache imagecache-pr_mm_preview imagecache-linked imagecache-pr_mm_preview_linked&quot;&gt;&lt;img src=&quot;http://vha.newshq.businesswire.com/sites/vha.newshq.businesswire.com/files/imagecache/pr_mm_preview/heathcare-it-news-himss-media_120.png&quot; alt=&quot;Healthcare IT News&quot; title=&quot;Healthcare IT News&quot;  class=&quot;imagecache imagecache-pr_mm_preview&quot; width=&quot;120&quot; height=&quot;19&quot; /&gt;&lt;/a&gt;        &lt;/div&gt;
        &lt;/div&gt;
&lt;/div&gt;
&lt;/fieldset&gt;
&lt;div class=&quot;field field-type-text field-field-news-item-language  field-fieldnewsitemlanguage&quot;&gt;
      &lt;div class=&quot;field-label&quot;&gt;Language: &lt;/div&gt;
    &lt;div class=&quot;field-items&quot;&gt;
            &lt;div class=&quot;field-item odd&quot;&gt;
                    English        &lt;/div&gt;
        &lt;/div&gt;
&lt;/div&gt;
</description>
     <category domain="http://vha.newshq.businesswire.com/category/news-category/%5Bcatpath-raw%5D-3">Our Companies</category>
 <pubDate>Mon, 11 Aug 2014 05:00:00 +0000</pubDate>
 <dc:creator />
 <guid isPermaLink="false">169 at http://vha.newshq.businesswire.com</guid>
  </item>  <item>
    <title>6 ways to use business intelligence in the supply chain</title>
    <link>http://vha.newshq.businesswire.com/news/6-ways-use-business-intelligence-supply-chain</link>
    <description>&lt;div class=&quot;field field-type-text field-field-news-item-subtitle  field-fieldnewsitemsubtitle&quot;&gt;
      &lt;div class=&quot;field-label&quot;&gt;Subtitle: &lt;/div&gt;
    &lt;div class=&quot;field-items&quot;&gt;
            &lt;div class=&quot;field-item odd&quot;&gt;
                    Price movements in the healthcare market are invisible without data        &lt;/div&gt;
        &lt;/div&gt;
&lt;/div&gt;
&lt;div class=&quot;field field-type-link field-field-news-item-article-url  field-fieldnewsitemarticleurl&quot;&gt;
    &lt;div class=&quot;field-items&quot;&gt;
            &lt;div class=&quot;field-item odd&quot;&gt;
                    &lt;a href=&quot;http://www.healthcarefinancenews.com/blog/6-ways-use-business-intelligence-supply-chain?single-page=true&quot; target=&quot;_blank&quot;&gt;Website&lt;/a&gt;        &lt;/div&gt;
        &lt;/div&gt;
&lt;/div&gt;
&lt;div class=&quot;field field-type-text field-field-news-item-org  field-fieldnewsitemorg&quot;&gt;
      &lt;div class=&quot;field-label&quot;&gt;News Organization: &lt;/div&gt;
    &lt;div class=&quot;field-items&quot;&gt;
            &lt;div class=&quot;field-item odd&quot;&gt;
                    Healthcare Finance        &lt;/div&gt;
        &lt;/div&gt;
&lt;/div&gt;
&lt;fieldset class=&quot;fieldgroup group-news-item-multimedia&quot;&gt;&lt;legend&gt;Multimedia&lt;/legend&gt;&lt;div class=&quot;field field-type-filefield field-field-news-item-image  field-fieldnewsitemimage&quot;&gt;
    &lt;div class=&quot;field-items&quot;&gt;
            &lt;div class=&quot;field-item odd&quot;&gt;
                    &lt;a href=&quot;/news/6-ways-use-business-intelligence-supply-chain&quot; class=&quot;imagecache imagecache-pr_mm_preview imagecache-linked imagecache-pr_mm_preview_linked&quot;&gt;&lt;img src=&quot;http://vha.newshq.businesswire.com/sites/vha.newshq.businesswire.com/files/imagecache/pr_mm_preview/Healthcare_Finance2.jpg&quot; alt=&quot;&quot; title=&quot;&quot;  class=&quot;imagecache imagecache-pr_mm_preview&quot; width=&quot;240&quot; height=&quot;46&quot; /&gt;&lt;/a&gt;        &lt;/div&gt;
        &lt;/div&gt;
&lt;/div&gt;
&lt;/fieldset&gt;
&lt;div class=&quot;field field-type-text field-field-news-item-language  field-fieldnewsitemlanguage&quot;&gt;
      &lt;div class=&quot;field-label&quot;&gt;Language: &lt;/div&gt;
    &lt;div class=&quot;field-items&quot;&gt;
            &lt;div class=&quot;field-item odd&quot;&gt;
                    English        &lt;/div&gt;
        &lt;/div&gt;
&lt;/div&gt;
</description>
     <category domain="http://vha.newshq.businesswire.com/category/news-category/%5Bcatpath-raw%5D-3">Our Companies</category>
 <pubDate>Mon, 04 Aug 2014 05:00:00 +0000</pubDate>
 <dc:creator />
 <guid isPermaLink="false">168 at http://vha.newshq.businesswire.com</guid>
  </item>  <item>
    <title>How Inova, Dignity and Kaiser advance healthcare sustainability</title>
    <link>http://vha.newshq.businesswire.com/news/how-inova-dignity-and-kaiser-advance-healthcare-sustainability</link>
    <description>&lt;div class=&quot;field field-type-link field-field-news-item-article-url  field-fieldnewsitemarticleurl&quot;&gt;
    &lt;div class=&quot;field-items&quot;&gt;
            &lt;div class=&quot;field-item odd&quot;&gt;
                    &lt;a href=&quot;http://www.greenbiz.com/blog/2014/07/01/how-health-care-industry-pushing-forward-sustainability&quot; target=&quot;_blank&quot;&gt;Website&lt;/a&gt;        &lt;/div&gt;
        &lt;/div&gt;
&lt;/div&gt;
&lt;div class=&quot;field field-type-text field-field-news-item-org  field-fieldnewsitemorg&quot;&gt;
      &lt;div class=&quot;field-label&quot;&gt;News Organization: &lt;/div&gt;
    &lt;div class=&quot;field-items&quot;&gt;
            &lt;div class=&quot;field-item odd&quot;&gt;
                    GreenBiz        &lt;/div&gt;
        &lt;/div&gt;
&lt;/div&gt;
&lt;fieldset class=&quot;fieldgroup group-news-item-multimedia&quot;&gt;&lt;legend&gt;Multimedia&lt;/legend&gt;&lt;div class=&quot;field field-type-filefield field-field-news-item-image  field-fieldnewsitemimage&quot;&gt;
    &lt;div class=&quot;field-items&quot;&gt;
            &lt;div class=&quot;field-item odd&quot;&gt;
                    &lt;a href=&quot;/news/how-inova-dignity-and-kaiser-advance-healthcare-sustainability&quot; class=&quot;imagecache imagecache-pr_mm_preview imagecache-linked imagecache-pr_mm_preview_linked&quot;&gt;&lt;img src=&quot;http://vha.newshq.businesswire.com/sites/vha.newshq.businesswire.com/files/imagecache/pr_mm_preview/GreenBiz.jpg&quot; alt=&quot;&quot; title=&quot;&quot;  class=&quot;imagecache imagecache-pr_mm_preview&quot; width=&quot;240&quot; height=&quot;72&quot; /&gt;&lt;/a&gt;        &lt;/div&gt;
        &lt;/div&gt;
&lt;/div&gt;
&lt;/fieldset&gt;
&lt;div class=&quot;field field-type-text field-field-news-item-language  field-fieldnewsitemlanguage&quot;&gt;
      &lt;div class=&quot;field-label&quot;&gt;Language: &lt;/div&gt;
    &lt;div class=&quot;field-items&quot;&gt;
            &lt;div class=&quot;field-item odd&quot;&gt;
                    English        &lt;/div&gt;
        &lt;/div&gt;
&lt;/div&gt;
</description>
     <category domain="http://vha.newshq.businesswire.com/category/news-category/%5Bcatpath-raw%5D-3">Our Companies</category>
 <pubDate>Tue, 01 Jul 2014 12:00:00 +0000</pubDate>
 <dc:creator />
 <guid isPermaLink="false">167 at http://vha.newshq.businesswire.com</guid>
  </item>  <item>
    <title>The Voice of Experiences</title>
    <link>http://vha.newshq.businesswire.com/news/voice-experiences</link>
    <description>&lt;div class=&quot;field field-type-link field-field-news-item-article-url  field-fieldnewsitemarticleurl&quot;&gt;
    &lt;div class=&quot;field-items&quot;&gt;
            &lt;div class=&quot;field-item odd&quot;&gt;
                    &lt;a href=&quot;http://www.jhconline.com/the-voice-of-experiences.html&quot; target=&quot;_blank&quot;&gt;Website&lt;/a&gt;        &lt;/div&gt;
        &lt;/div&gt;
&lt;/div&gt;
&lt;div class=&quot;field field-type-text field-field-news-item-org  field-fieldnewsitemorg&quot;&gt;
      &lt;div class=&quot;field-label&quot;&gt;News Organization: &lt;/div&gt;
    &lt;div class=&quot;field-items&quot;&gt;
            &lt;div class=&quot;field-item odd&quot;&gt;
                    The Journal of Healthcare Contracting        &lt;/div&gt;
        &lt;/div&gt;
&lt;/div&gt;
&lt;fieldset class=&quot;fieldgroup group-news-item-multimedia&quot;&gt;&lt;legend&gt;Multimedia&lt;/legend&gt;&lt;div class=&quot;field field-type-filefield field-field-news-item-image  field-fieldnewsitemimage&quot;&gt;
    &lt;div class=&quot;field-items&quot;&gt;
            &lt;div class=&quot;field-item odd&quot;&gt;
                    &lt;a href=&quot;/news/voice-experiences&quot; class=&quot;imagecache imagecache-pr_mm_preview imagecache-linked imagecache-pr_mm_preview_linked&quot;&gt;&lt;img src=&quot;http://vha.newshq.businesswire.com/sites/vha.newshq.businesswire.com/files/imagecache/pr_mm_preview/JHC.jpg&quot; alt=&quot;&quot; title=&quot;&quot;  class=&quot;imagecache imagecache-pr_mm_preview&quot; width=&quot;240&quot; height=&quot;49&quot; /&gt;&lt;/a&gt;        &lt;/div&gt;
        &lt;/div&gt;
&lt;/div&gt;
&lt;/fieldset&gt;
&lt;div class=&quot;field field-type-text field-field-news-item-language  field-fieldnewsitemlanguage&quot;&gt;
      &lt;div class=&quot;field-label&quot;&gt;Language: &lt;/div&gt;
    &lt;div class=&quot;field-items&quot;&gt;
            &lt;div class=&quot;field-item odd&quot;&gt;
                    English        &lt;/div&gt;
        &lt;/div&gt;
&lt;/div&gt;
</description>
     <category domain="http://vha.newshq.businesswire.com/category/news-category/%5Bcatpath-raw%5D-3">Our Companies</category>
 <pubDate>Fri, 13 Jun 2014 05:00:00 +0000</pubDate>
 <dc:creator />
 <guid isPermaLink="false">166 at http://vha.newshq.businesswire.com</guid>
  </item>  <item>
    <title>Learn From Others Along the Journey to Sustainability</title>
    <link>http://vha.newshq.businesswire.com/news/learn-others-along-journey-sustainability</link>
    <description>&lt;div class=&quot;field field-type-link field-field-news-item-article-url  field-fieldnewsitemarticleurl&quot;&gt;
    &lt;div class=&quot;field-items&quot;&gt;
            &lt;div class=&quot;field-item odd&quot;&gt;
                    &lt;a href=&quot;https://practicegreenhealth.org/about/press/blog/learn-others-along-journey-sustainability&quot; target=&quot;_blank&quot;&gt;Website&lt;/a&gt;        &lt;/div&gt;
        &lt;/div&gt;
&lt;/div&gt;
&lt;div class=&quot;field field-type-text field-field-news-item-org  field-fieldnewsitemorg&quot;&gt;
      &lt;div class=&quot;field-label&quot;&gt;News Organization: &lt;/div&gt;
    &lt;div class=&quot;field-items&quot;&gt;
            &lt;div class=&quot;field-item odd&quot;&gt;
                    Practice Greenhealth        &lt;/div&gt;
        &lt;/div&gt;
&lt;/div&gt;
&lt;fieldset class=&quot;fieldgroup group-news-item-multimedia&quot;&gt;&lt;legend&gt;Multimedia&lt;/legend&gt;&lt;div class=&quot;field field-type-filefield field-field-news-item-image  field-fieldnewsitemimage&quot;&gt;
    &lt;div class=&quot;field-items&quot;&gt;
            &lt;div class=&quot;field-item odd&quot;&gt;
                    &lt;a href=&quot;/news/learn-others-along-journey-sustainability&quot; class=&quot;imagecache imagecache-pr_mm_preview imagecache-linked imagecache-pr_mm_preview_linked&quot;&gt;&lt;img src=&quot;http://vha.newshq.businesswire.com/sites/vha.newshq.businesswire.com/files/imagecache/pr_mm_preview/Green_Health_logo_120.jpg&quot; alt=&quot;Practice Greenhealth&quot; title=&quot;Practice Greenhealth&quot;  class=&quot;imagecache imagecache-pr_mm_preview&quot; width=&quot;120&quot; height=&quot;42&quot; /&gt;&lt;/a&gt;        &lt;/div&gt;
        &lt;/div&gt;
&lt;/div&gt;
&lt;/fieldset&gt;
&lt;div class=&quot;field field-type-text field-field-news-item-language  field-fieldnewsitemlanguage&quot;&gt;
      &lt;div class=&quot;field-label&quot;&gt;Language: &lt;/div&gt;
    &lt;div class=&quot;field-items&quot;&gt;
            &lt;div class=&quot;field-item odd&quot;&gt;
                    English        &lt;/div&gt;
        &lt;/div&gt;
&lt;/div&gt;
</description>
     <category domain="http://vha.newshq.businesswire.com/category/news-category/%5Bcatpath-raw%5D-3">Our Companies</category>
 <pubDate>Fri, 30 May 2014 05:00:00 +0000</pubDate>
 <dc:creator />
 <guid isPermaLink="false">165 at http://vha.newshq.businesswire.com</guid>
  </item>  <item>
    <title>A Reminder this Mother’s Day</title>
    <link>http://vha.newshq.businesswire.com/news/reminder-mothers-day</link>
    <description>&lt;div class=&quot;field field-type-text field-field-news-item-subtitle  field-fieldnewsitemsubtitle&quot;&gt;
      &lt;div class=&quot;field-label&quot;&gt;Subtitle: &lt;/div&gt;
    &lt;div class=&quot;field-items&quot;&gt;
            &lt;div class=&quot;field-item odd&quot;&gt;
                    The Best Thing Moms Can Do is Wait        &lt;/div&gt;
        &lt;/div&gt;
&lt;/div&gt;
&lt;div class=&quot;field field-type-link field-field-news-item-article-url  field-fieldnewsitemarticleurl&quot;&gt;
    &lt;div class=&quot;field-items&quot;&gt;
            &lt;div class=&quot;field-item odd&quot;&gt;
                    &lt;a href=&quot;http://hcmatters.com/2014/05/reminder-mothers-day-best-thing-moms-can-wait/&quot; target=&quot;_blank&quot;&gt;Website&lt;/a&gt;        &lt;/div&gt;
        &lt;/div&gt;
&lt;/div&gt;
&lt;div class=&quot;field field-type-text field-field-news-item-org  field-fieldnewsitemorg&quot;&gt;
      &lt;div class=&quot;field-label&quot;&gt;News Organization: &lt;/div&gt;
    &lt;div class=&quot;field-items&quot;&gt;
            &lt;div class=&quot;field-item odd&quot;&gt;
                    Healthcare Matters        &lt;/div&gt;
        &lt;/div&gt;
&lt;/div&gt;
&lt;fieldset class=&quot;fieldgroup group-news-item-multimedia&quot;&gt;&lt;legend&gt;Multimedia&lt;/legend&gt;&lt;div class=&quot;field field-type-filefield field-field-news-item-image  field-fieldnewsitemimage&quot;&gt;
    &lt;div class=&quot;field-items&quot;&gt;
            &lt;div class=&quot;field-item odd&quot;&gt;
                    &lt;a href=&quot;/news/reminder-mothers-day&quot; class=&quot;imagecache imagecache-pr_mm_preview imagecache-linked imagecache-pr_mm_preview_linked&quot;&gt;&lt;img src=&quot;http://vha.newshq.businesswire.com/sites/vha.newshq.businesswire.com/files/imagecache/pr_mm_preview/HealthcareMatters_Logo.png&quot; alt=&quot;&quot; title=&quot;&quot;  class=&quot;imagecache imagecache-pr_mm_preview&quot; width=&quot;240&quot; height=&quot;27&quot; /&gt;&lt;/a&gt;        &lt;/div&gt;
        &lt;/div&gt;
&lt;/div&gt;
&lt;/fieldset&gt;
&lt;div class=&quot;field field-type-text field-field-news-item-language  field-fieldnewsitemlanguage&quot;&gt;
      &lt;div class=&quot;field-label&quot;&gt;Language: &lt;/div&gt;
    &lt;div class=&quot;field-items&quot;&gt;
            &lt;div class=&quot;field-item odd&quot;&gt;
                    English        &lt;/div&gt;
        &lt;/div&gt;
&lt;/div&gt;
</description>
     <category domain="http://vha.newshq.businesswire.com/category/news-category/%5Bcatpath-raw%5D-3">Our Companies</category>
 <pubDate>Fri, 09 May 2014 11:03:00 +0000</pubDate>
 <dc:creator />
 <guid isPermaLink="false">164 at http://vha.newshq.businesswire.com</guid>
  </item>  <item>
    <title>Fire drill or first responder?</title>
    <link>http://vha.newshq.businesswire.com/news/fire-drill-or-first-responder</link>
    <description>&lt;div class=&quot;field field-type-text field-field-news-item-subtitle  field-fieldnewsitemsubtitle&quot;&gt;
      &lt;div class=&quot;field-label&quot;&gt;Subtitle: &lt;/div&gt;
    &lt;div class=&quot;field-items&quot;&gt;
            &lt;div class=&quot;field-item odd&quot;&gt;
                    Will reform rules stretch the limits of Critical Care-Supply Chain civility, efficiency?        &lt;/div&gt;
        &lt;/div&gt;
&lt;/div&gt;
&lt;div class=&quot;field field-type-link field-field-news-item-article-url  field-fieldnewsitemarticleurl&quot;&gt;
    &lt;div class=&quot;field-items&quot;&gt;
            &lt;div class=&quot;field-item odd&quot;&gt;
                    &lt;a href=&quot;http://www.hpnonline.com/inside/2014-05/1405-PS-CriticalCare.html&quot; target=&quot;_blank&quot;&gt;Website&lt;/a&gt;        &lt;/div&gt;
        &lt;/div&gt;
&lt;/div&gt;
&lt;div class=&quot;field field-type-text field-field-news-item-org  field-fieldnewsitemorg&quot;&gt;
      &lt;div class=&quot;field-label&quot;&gt;News Organization: &lt;/div&gt;
    &lt;div class=&quot;field-items&quot;&gt;
            &lt;div class=&quot;field-item odd&quot;&gt;
                    Healthcare Purchasing News        &lt;/div&gt;
        &lt;/div&gt;
&lt;/div&gt;
&lt;fieldset class=&quot;fieldgroup group-news-item-multimedia&quot;&gt;&lt;legend&gt;Multimedia&lt;/legend&gt;&lt;div class=&quot;field field-type-filefield field-field-news-item-image  field-fieldnewsitemimage&quot;&gt;
    &lt;div class=&quot;field-items&quot;&gt;
            &lt;div class=&quot;field-item odd&quot;&gt;
                    &lt;a href=&quot;/news/fire-drill-or-first-responder&quot; class=&quot;imagecache imagecache-pr_mm_preview imagecache-linked imagecache-pr_mm_preview_linked&quot;&gt;&lt;img src=&quot;http://vha.newshq.businesswire.com/sites/vha.newshq.businesswire.com/files/imagecache/pr_mm_preview/2013webhead_120.png&quot; alt=&quot;Healthcare Purchasing News&quot; title=&quot;Healthcare Purchasing News&quot;  class=&quot;imagecache imagecache-pr_mm_preview&quot; width=&quot;120&quot; height=&quot;18&quot; /&gt;&lt;/a&gt;        &lt;/div&gt;
        &lt;/div&gt;
&lt;/div&gt;
&lt;/fieldset&gt;
&lt;div class=&quot;field field-type-text field-field-news-item-language  field-fieldnewsitemlanguage&quot;&gt;
      &lt;div class=&quot;field-label&quot;&gt;Language: &lt;/div&gt;
    &lt;div class=&quot;field-items&quot;&gt;
            &lt;div class=&quot;field-item odd&quot;&gt;
                    English        &lt;/div&gt;
        &lt;/div&gt;
&lt;/div&gt;
</description>
     <category domain="http://vha.newshq.businesswire.com/category/news-category/%5Bcatpath-raw%5D-3">Our Companies</category>
 <pubDate>Thu, 01 May 2014 05:00:00 +0000</pubDate>
 <dc:creator />
 <guid isPermaLink="false">163 at http://vha.newshq.businesswire.com</guid>
  </item>  </channel>
</rss>