{
    "breadcrumbs": {
        "home":
            {
                "url": "/",
                "text": "Home",
                "isActive": false
            },
        "whatWeDo": [
            {
                "url": "#",
                "text": "What we do",
                "isActive": true
            }
        ],
        "whoWeAre": [
            {
                "url": "#",
                "text": "Who we are",
                "isActive": true
            }
        ],
        "becomeAMember": [
            {
                "url": "#",
                "text": "Become a member",
                "isActive": true
            }
        ],
        "ourNetworks": [
            {
                "url": "#",
                "text": "Our networks",
                "isActive": true
            }
        ],
        "becomeASupplier": [
            {
                "url": "#",
                "text": "Suppliers",
                "isActive": true
            }
        ],
        "newsAndEvents": [
            {
                "url": "#",
                "text": "News and Events",
                "isActive": true
            }
        ],
        "eventsCalendar": [
            {
                "url": "#",
                "text": "News and Events",
                "isActive": false
            },
            {
                "url": "#",
                "text": "Events Calendar",
                "isActive": true
            }
        ],
        "blog": [
            {
                "url": "#",
                "text": "Blog",
                "isActive": true
            }
        ],
        "contactus": [
            {
                "url": "#",
                "text": "Contact us",
                "isActive": true
            }
        ],
        "blogcontent": [
            {
                "url": "#",
                "text": "Blog Content page",
                "isActive": true
            }
        ],
        "existingMembers": [
            {
                "url": "#",
                "text": "Existing members",
                "isActive": true
            }
        ],
        "whatsChangedForYou": [
            {
                "url": "#",
                "text": "What’s changed for you?",
                "isActive": true
            }
        ],
        "bidCalendar": [
            {
                "url": "#",
                "text": "Suppliers",
                "isActive": false
            },
            {
                "url": "#",
                "text": "2015 Bid / Proposal Calendar",
                "isActive": true
            }
        ],
        "whatWeDoExpertise": [
            {
                "url": "#",
                "text": "What we do",
                "isActive": false
            },
            {
                "url": "#",
                "text": "Expertise name",
                "isActive": true
            }
        ],
        "moduleList": [
            {
                "url": "#",
                "text": "Module list",
                "isActive": true
            }
        ],
        "supplyChain": [
            {
                "url": "#",
                "text": "Supply Chain programs",
                "isActive": true
            }
        ]
    }
}